
INSERT INTO roles (role_id, role_name, admin_password) VALUES
(1, 'Admin', 'admin_password_hash_placeholder'),
(2, 'General User', NULL);

-- 2. departmentsテーブルへのデータ挿入
INSERT INTO departments (department_id, department_name) VALUES
(10, 'Sales Department'),
(20, 'Engineering Department');

-- 3. usersテーブルへのデータ挿入 (UUIDを明示的に指定)
INSERT INTO users (user_id, name, email, password_hasj, slack_id, role_id, face_encoding, profile_image_url) VALUES
('a0eebc99-9c0b-4ef8-bb6d-6bb9bd380a11', '山田 太郎', 'kazushi.yoshida@safie.jp', 'hashed_password_123', 'U012ABCDEF', 1, '-0.12951509654521942,0.11657454818487167,-0.007255992386490107,-0.09782025218009949,-0.08155643194913864,-0.034130193293094635,-0.04331706091761589,-0.07967718690633774,0.1585332602262497,-0.134849414229393,0.19759194552898407,-0.026472369208931923,-0.2416314333677292,-0.013008864596486092,-0.007751221302896738,0.11537785828113556,-0.22560246288776398,-0.12548696994781494,-0.028238218277692795,-0.019825315102934837,0.1408330798149109,0.047461267560720444,-0.01378030888736248,0.0992094948887825,-0.08966155350208282,-0.3149915039539337,-0.11181318014860153,-0.12512333691120148,0.08068274706602097,-0.06967953592538834,0.031096383929252625,-0.12345036119222641,-0.18376053869724274,-0.016824688762426376,0.007496883161365986,-0.008425906300544739,-0.04935187101364136,-0.07545439153909683,0.21936440467834473,-0.01287892833352089,-0.2644651532173157,-0.04204845428466797,0.02348361723124981,0.23067879676818848,0.15990257263183594,0.06993485242128372,0.01035740040242672,-0.10756665468215942,0.11896199733018875,-0.24541817605495453,0.060613054782152176,0.18128353357315063,0.054149527102708817,0.08726433664560318,0.01966545358300209,-0.16149957478046417,0.03445883467793465,0.1735396385192871,-0.21947607398033142,0.09112539142370224,0.085688516497612,-0.11008523404598236,0.01815374754369259,-0.02939126268029213,0.2011854499578476,0.051167942583560944,-0.1616249978542328,-0.18302740156650543,0.11602958291769028,-0.2518353760242462,-0.09678564220666885,0.1079675555229187,-0.08658458292484283,-0.2490333765745163,-0.30891916155815125,0.03131747618317604,0.34795862436294556,0.21972866356372833,-0.14908145368099213,0.02744554542005062,-0.031423334032297134,0.002894112840294838,0.13998405635356903,0.1811305582523346,-0.015239405445754528,0.010213758796453476,-0.0960293710231781,-0.008492287248373032,0.20178723335266113,-0.035756248980760574,-0.03718642145395279,0.2522044777870178,-0.01641397550702095,0.04728962853550911,0.01154219638556242,0.11400139331817627,-0.12114790827035904,-0.05011819675564766,-0.07770342379808426,0.0028761522844433784,0.022727983072400093,-0.010992133058607578,-0.032249726355075836,0.1322174370288849,-0.15643374621868134,0.20034202933311462,-0.058776192367076874,-0.05171665549278259,-0.09971595555555439,-0.03438648208975792,-0.049941714853048325,-0.021504100412130356,0.12646393477916718,-0.20251786708831787,0.24258853495121002,0.21950899064540863,0.055919405072927475,0.17646671831607819,0.07266654074192047,0.026901239529252052,-0.014518074691295624,-0.07159889489412308,-0.22394083440303802,-0.09502490609884262,0.05055682361125946,-0.03270019590854645,0.1179358959197998,-0.04994950443506241', 'https://example.com/images/taro.jpg'),
('0c7b2a6d-4f1c-4b8a-8c1b-2b3b4a5a6b7c', '鈴木 花子', 'hanako.suzuki@example.com', 'hashed_password_456', 'U345GHIJKL', 2,  '-0.12951509654521942,0.11657454818487167,-0.007255992386490107,-0.09782025218009949,-0.08155643194913864,-0.034130193293094635,-0.04331706091761589,-0.07967718690633774,0.1585332602262497,-0.134849414229393,0.19759194552898407,-0.026472369208931923,-0.2416314333677292,-0.013008864596486092,-0.007751221302896738,0.11537785828113556,-0.22560246288776398,-0.12548696994781494,-0.028238218277692795,-0.019825315102934837,0.1408330798149109,0.047461267560720444,-0.01378030888736248,0.0992094948887825,-0.08966155350208282,-0.3149915039539337,-0.11181318014860153,-0.12512333691120148,0.08068274706602097,-0.06967953592538834,0.031096383929252625,-0.12345036119222641,-0.18376053869724274,-0.016824688762426376,0.007496883161365986,-0.008425906300544739,-0.04935187101364136,-0.07545439153909683,0.21936440467834473,-0.01287892833352089,-0.2644651532173157,-0.04204845428466797,0.02348361723124981,0.23067879676818848,0.15990257263183594,0.06993485242128372,0.01035740040242672,-0.10756665468215942,0.11896199733018875,-0.24541817605495453,0.060613054782152176,0.18128353357315063,0.054149527102708817,0.08726433664560318,0.01966545358300209,-0.16149957478046417,0.03445883467793465,0.1735396385192871,-0.21947607398033142,0.09112539142370224,0.085688516497612,-0.11008523404598236,0.01815374754369259,-0.02939126268029213,0.2011854499578476,0.051167942583560944,-0.1616249978542328,-0.18302740156650543,0.11602958291769028,-0.2518353760242462,-0.09678564220666885,0.1079675555229187,-0.08658458292484283,-0.2490333765745163,-0.30891916155815125,0.03131747618317604,0.34795862436294556,0.21972866356372833,-0.14908145368099213,0.02744554542005062,-0.031423334032297134,0.002894112840294838,0.13998405635356903,0.1811305582523346,-0.015239405445754528,0.010213758796453476,-0.0960293710231781,-0.008492287248373032,0.20178723335266113,-0.035756248980760574,-0.03718642145395279,0.2522044777870178,-0.01641397550702095,0.04728962853550911,0.01154219638556242,0.11400139331817627,-0.12114790827035904,-0.05011819675564766,-0.07770342379808426,0.0028761522844433784,0.022727983072400093,-0.010992133058607578,-0.032249726355075836,0.1322174370288849,-0.15643374621868134,0.20034202933311462,-0.058776192367076874,-0.05171665549278259,-0.09971595555555439,-0.03438648208975792,-0.049941714853048325,-0.021504100412130356,0.12646393477916718,-0.20251786708831787,0.24258853495121002,0.21950899064540863,0.055919405072927475,0.17646671831607819,0.07266654074192047,0.026901239529252052,-0.014518074691295624,-0.07159889489412308,-0.22394083440303802,-0.09502490609884262,0.05055682361125946,-0.03270019590854645,0.1179358959197998,-0.02222222222222', 'https://example.com/images/hanako.jpg'),
('0c7b2a6d-4f1c-4b8a-8c1b-2b3b4a5a6b7d', '松本 順一', 'junichi.matu@example.com', 'hashed_password_455', 'U345GHIJKK', 1,  '-0.039804380387067795,0.09423986077308655,0.06087901070713997,-0.055544670671224594,-0.04939579218626022,-0.05986969172954559,-0.07167728990316391,-0.1921185851097107,0.1041959896683693,-0.1338379830121994,0.21975013613700867,-0.023311646655201912,-0.19148185849189758,-0.09907157719135284,-0.06275292485952377,0.14641594886779785,-0.17500515282154083,-0.14960572123527527,-0.033808134496212006,0.023120127618312836,0.08403704315423965,0.0027642606291919947,0.03571036085486412,0.0169121865183115,-0.04636666551232338,-0.2941758334636688,-0.14040449261665344,-0.04235069081187248,0.08457913249731064,-0.04168708249926567,-0.10958847403526306,0.04901585355401039,-0.15051506459712982,-0.09852108359336853,0.058548104017972946,0.09856776148080826,-0.025191279128193855,-0.0659632757306099,0.17695806920528412,-0.01750490814447403,-0.21470502018928528,0.09276541322469711,0.005137207917869091,0.2605540454387665,0.20498734712600708,0.055041924118995667,0.028119418770074844,-0.18085584044456482,0.11738649010658264,-0.12428029626607895,0.0957372784614563,0.15460354089736938,0.13932852447032928,0.0837821215391159,-0.021384477615356445,-0.1723405420780182,0.02933516353368759,0.1422795206308365,-0.15500304102897644,0.017924217507243156,0.1236073449254036,-0.06417769938707352,0.05315300077199936,-0.07921252399682999,0.18898218870162964,0.07319988310337067,-0.11763955652713776,-0.20361799001693726,0.13144801557064056,-0.14491137862205505,-0.06025522202253342,0.03906993567943573,-0.1744060516357422,-0.14317290484905243,-0.22019685804843903,0.0015755204949527979,0.33328643441200256,0.13177822530269623,-0.16792239248752594,0.04406141862273216,-0.08920233696699142,-0.011773619800806046,0.10141943395137787,0.12778602540493011,-0.02413841150701046,0.035889819264411926,-0.06037061661481857,-0.0365448072552681,0.20205624401569366,-0.045277465134859085,-0.04729703813791275,0.22605721652507782,-0.012450538575649261,0.07900957763195038,0.05418208986520767,-0.0077858902513980865,-0.06919049471616745,0.08068940788507462,-0.13765498995780945,-0.010920527391135693,-0.052214089781045914,-0.07775434106588364,0.015810441225767136,0.13817113637924194,-0.13278986513614655,0.16497723758220673,-0.024925392121076584,0.11197959631681442,0.03705083206295967,-0.01837778463959694,-0.0796050950884819,-0.0832025334239006,0.14126808941364288,-0.23323309421539307,0.21794119477272034,0.19519826769828796,0.116529680788517,0.09393973648548126,0.12832850217819214,0.1051420345902443,0.024320092052221298,-0.028227731585502625,-0.24062176048755646,0.01033418532460928,0.116866834461689,-0.044450193643569946,0.095163494348526,0.03266876935958862', 'https://example.com/images/hanako.jpg');

-- 4. seatsテーブルへのデータ挿入 (department_idのタイポに注意)
INSERT INTO seats (seat_id, seat_name, is_active, department_id,seating_user) VALUES
(101, 'A-1', FALSE, 10,'a0eebc99-9c0b-4ef8-bb6d-6bb9bd380a11'),
(102, 'A-2', FALSE, 10,'0c7b2a6d-4f1c-4b8a-8c1b-2b3b4a5a6b7c'),
(201, 'B-1', FALSE, 20,'0c7b2a6d-4f1c-4b8a-8c1b-2b3b4a5a6b7d'),
(202, 'B-2', FALSE, 20,'a0eebc99-9c0b-4ef8-bb6d-6bb9bd380a11');

-- 5. devicesテーブルへのデータ挿入
INSERT INTO devices (device_id, device_name, is_active, seat_id) VALUES
(1001, 'Entrance Camera', TRUE, 101),
(2001, 'Dev Floor Tablet', TRUE, 201);

-- 6. recognition_logsテーブルへのデータ挿入
-- event_type: FALSE(入室), TRUE(退室)を想定
INSERT INTO recognition_logs (device_id, user_id, event_type, created_at) VALUES
(1001, 'a0eebc99-9c0b-4ef8-bb6d-6bb9bd380a11', FALSE, '2025-09-24 09:00:00+09'),
(2001, '0c7b2a6d-4f1c-4b8a-8c1b-2b3b4a5a6b7c', FALSE, '2025-09-24 09:05:10+09'),
(1001, 'a0eebc99-9c0b-4ef8-bb6d-6bb9bd380a11', TRUE,  '2025-09-24 18:02:30+09'),
(2001, '0c7b2a6d-4f1c-4b8a-8c1b-2b3b4a5a6b7c', TRUE,  '2025-09-24 18:30:00+09');